,accuracy,formatted_address,google_place_id,input_string,latitude,longitude,number_of_results,postcode,status,type
0,GEOMETRIC_CENTER,"Ilford Hill, Ilford IG1 2DG, UK",ChIJP-yQU1-m2EcRjnGeM6L7UZs,"Ilford Street, London",51.5564213,0.0652347,1,IG1 2DG,OK,route
1,GEOMETRIC_CENTER,"London Rd, Forest Hill, London SE23 3TY, UK",ChIJk0vATdADdkgR4QNh9ZEgDUw,"London Street, London",51.4405393,-0.0593795,5,SE23 3TY,OK,route
2,GEOMETRIC_CENTER,"Station St, London E15 1DA, UK",ChIJNQiMlmEddkgRQfZ2es_t-5s,"Station Street, London",51.5404636,-0.0021861,2,E15 1DA,OK,route
3,GEOMETRIC_CENTER,"Gun St, London E1 6AH, UK",ChIJ5dNAkrMcdkgRpLoyMZgGmNE,"Gun Street, London",51.5187054,-0.0771,1,E1 6AH,OK,route
4,GEOMETRIC_CENTER,"London Rd, Forest Hill, London SE23 3TY, UK",ChIJk0vATdADdkgR4QNh9ZEgDUw,"London Street, London",51.4405393,-0.0593795,5,SE23 3TY,OK,route
5,GEOMETRIC_CENTER,"Peckham Rd, London, UK",ChIJ461RxXcDdkgRH_uaU8Bpazc,"Peckham Street, London",51.4738198,-0.0801476,4,,OK,route
6,GEOMETRIC_CENTER,"Brook St, Mayfair, London W1K 4AG, UK",ChIJm9hFmywFdkgRy3eCcwYv5Ng,"The Street, London",51.5128231,-0.1475458,2,W1K 4AG,OK,route
7,GEOMETRIC_CENTER,"London Rd, Forest Hill, London SE23 3TY, UK",ChIJk0vATdADdkgR4QNh9ZEgDUw,"London Street, London",51.4405393,-0.0593795,5,SE23 3TY,OK,route
8,GEOMETRIC_CENTER,"Ipswich Rd, London SW17, UK",ChIJZ4So6W8GdkgR3lDbEKMi99g,"Ipswich Street, London",51.4195449,-0.1534462,2,SW17,OK,route
9,GEOMETRIC_CENTER,"Suffolk St, London SW1Y 4HG, UK",ChIJae5eldEEdkgRRmaW50w1jQM,"Suffolk Street, London",51.5083535,-0.130625,2,SW1Y 4HG,OK,route
10,GEOMETRIC_CENTER,"Spencer St, Clerkenwell, London EC1V 7HX, UK",ChIJlX49AFsbdkgR1-8l2kUL-pg,"Spencer Street, London",51.5281827,-0.1028376,1,EC1V 7HX,OK,route
11,GEOMETRIC_CENTER,"Stanley St, London, ON, Canada",ChIJ0UTRCPPxLogR_Eduquz7L_M,"Stanley Street, London",42.9784179,-81.2590402,1,,OK,route
12,GEOMETRIC_CENTER,"Bridge St, Westminster, London SW1A 2PW, UK",ChIJYzCdSMQEdkgRerH98KX6_Sg,"Bridge Street, London",51.5009745,-0.1250772,1,SW1A 2PW,OK,route
13,GEOMETRIC_CENTER,"London Rd, Forest Hill, London SE23 3TY, UK",ChIJk0vATdADdkgR4QNh9ZEgDUw,"London Street, London",51.4405393,-0.0593795,5,SE23 3TY,OK,route
14,GEOMETRIC_CENTER,"May St, Hammersmith, London W14 9XT, UK",ChIJkxS5sZYPdkgRE1ty2Us-kJs,"May Street, London",51.4876029,-0.2074774,1,W14 9XT,OK,route
15,GEOMETRIC_CENTER,"Memorial Ave, London E15 3BS, UK",ChIJuyIU2vCn2EcRWE4PyGz1N0A,"Memorial Street, London",51.527787,0.0067318,2,E15 3BS,OK,route
16,GEOMETRIC_CENTER,"Theresa Rd, Hammersmith, London W6, UK",ChIJ3ZV_GEoOdkgRxxWbdsiGge8,"Theresa Street, London",51.4924797,-0.2402834,1,W6,OK,route
17,GEOMETRIC_CENTER,"David St, London E15 1PP, UK",ChIJ-ypX1Ien2EcRxEcixcEUQyY,"David Street, London",51.5467794,0.0027236,1,E15 1PP,OK,route
18,GEOMETRIC_CENTER,"London Rd, Forest Hill, London SE23 3TY, UK",ChIJk0vATdADdkgR4QNh9ZEgDUw,"London Street, London",51.4405393,-0.0593795,5,SE23 3TY,OK,route
19,GEOMETRIC_CENTER,"Brook St, Mayfair, London W1K 4AG, UK",ChIJm9hFmywFdkgRy3eCcwYv5Ng,"The Street, London",51.5128231,-0.1475458,2,W1K 4AG,OK,route
20,GEOMETRIC_CENTER,"Ipswich Rd, London SW17, UK",ChIJZ4So6W8GdkgR3lDbEKMi99g,"Ipswich Street, London",51.4195449,-0.1534462,2,SW17,OK,route
